{
  "platform_bias": {
    "statistics": {
      "total_posts": {
        "Facebook": 126,
        "Reddit": 121,
        "Telegram": 124,
        "Twitter": 129
      },
      "misinfo_count": {
        "Facebook": 64,
        "Reddit": 62,
        "Telegram": 64,
        "Twitter": 78
      },
      "misinfo_rate": {
        "Facebook": 0.508,
        "Reddit": 0.512,
        "Telegram": 0.516,
        "Twitter": 0.605
      }
    },
    "chi_square": 3.311487999587338,
    "p_value": 0.3460469269724451,
    "severity": "LOW",
    "biased_platforms": [],
    "overall_rate": 0.536
  },
  "temporal_bias": {
    "correlation": -0.04839954184229251,
    "p_value": 0.28006602189994895,
    "severity": "LOW",
    "monthly_trend": {
      "count": {
        "2024-01": 26,
        "2024-02": 25,
        "2024-03": 36,
        "2024-04": 26,
        "2024-05": 26,
        "2024-06": 36,
        "2024-07": 22,
        "2024-08": 23,
        "2024-09": 29,
        "2024-10": 18,
        "2024-11": 21,
        "2024-12": 22,
        "2025-01": 16,
        "2025-02": 26,
        "2025-03": 27,
        "2025-04": 27,
        "2025-05": 26,
        "2025-06": 29,
        "2025-07": 27,
        "2025-08": 12
      },
      "misinfo_rate": {
        "2024-01": 0.5384615384615384,
        "2024-02": 0.64,
        "2024-03": 0.4722222222222222,
        "2024-04": 0.6923076923076923,
        "2024-05": 0.5384615384615384,
        "2024-06": 0.3888888888888889,
        "2024-07": 0.6363636363636364,
        "2024-08": 0.6086956521739131,
        "2024-09": 0.6206896551724138,
        "2024-10": 0.5555555555555556,
        "2024-11": 0.5238095238095238,
        "2024-12": 0.5909090909090909,
        "2025-01": 0.625,
        "2025-02": 0.5,
        "2025-03": 0.37037037037037035,
        "2025-04": 0.48148148148148145,
        "2025-05": 0.7692307692307693,
        "2025-06": 0.4482758620689655,
        "2025-07": 0.3333333333333333,
        "2025-08": 0.5833333333333334
      }
    },
    "day_of_week_rates": {
      "0": 0.5675675675675675,
      "1": 0.578125,
      "2": 0.5217391304347826,
      "3": 0.5138888888888888,
      "4": 0.5783132530120482,
      "5": 0.4603174603174603,
      "6": 0.52
    }
  },
  "geographic_bias": {
    "statistics": {
      "total_posts": {
        "Brazil": 94,
        "Germany": 113,
        "India": 86,
        "UK": 102,
        "USA": 105
      },
      "misinfo_count": {
        "Brazil": 53,
        "Germany": 60,
        "India": 45,
        "UK": 55,
        "USA": 55
      },
      "misinfo_rate": {
        "Brazil": 0.564,
        "Germany": 0.531,
        "India": 0.523,
        "UK": 0.539,
        "USA": 0.524
      }
    },
    "chi_square": 0.42735133161950917,
    "p_value": 0.9801769420794995,
    "severity": "LOW"
  },
  "author_bias": {
    "statistics": {
      "count": {
        "0": 251,
        "1": 249
      },
      "misinfo_rate": {
        "0": 0.538,
        "1": 0.534
      }
    },
    "t_statistic": -0.08305346199035588,
    "p_value": 0.9338424021975354,
    "severity": "LOW"
  },
  "engagement_bias": {
    "correlation": 0.006433065753347114,
    "p_value": 0.8859038603788101,
    "severity": "LOW",
    "quartile_rates": {
      "Q1": 0.536,
      "Q2": 0.576,
      "Q3": 0.48,
      "Q4": 0.552
    }
  },
  "fairness_metrics": {
    "platform_equal_opportunity": {
      "Reddit": 1.0,
      "Telegram": 1.0,
      "Twitter": 1.0,
      "Facebook": 1.0
    },
    "country_demographic_parity": {
      "Brazil": 0.5638297872340425,
      "Germany": 0.5309734513274337,
      "India": 0.5232558139534884,
      "UK": 0.5392156862745098,
      "USA": 0.5238095238095238
    }
  }
}