feature,t_statistic,p_value,cohens_d,mean_real,mean_misinfo
sentiment_score,2.0207970881596293,0.04383773935170135,0.1807037448655599,0.05958189655172413,-0.04479850746268657
